{
  "player": {
    "gridX": 3,
    "gridY": 7,
    "isOutside": true,
    "seeds": {
      "1": 1,
      "2": 0,
      "3": 0
    },
    "waterCanUses": 0
  },
  "crops": {
    "plots": [
      [
        {
          "seedType": 0,
          "growth": 0,
          "value": 0,
          "watered": false
        },
        {
          "seedType": 0,
          "growth": 0,
          "value": 0,
          "watered": false
        },
        {
          "seedType": 0,
          "growth": 0,
          "value": 0,
          "watered": false
        },
        {
          "seedType": 0,
          "growth": 0,
          "value": 0,
          "watered": false
        }
      ],
      [
        {
          "seedType": 0,
          "growth": 0,
          "value": 0,
          "watered": false
        },
        {
          "seedType": 0,
          "growth": 0,
          "value": 0,
          "watered": false
        },
        {
          "seedType": 0,
          "growth": 0,
          "value": 0,
          "watered": false
        },
        {
          "seedType": 2,
          "growth": 0,
          "value": 45,
          "watered": false
        }
      ],
      [
        {
          "seedType": 0,
          "growth": 0,
          "value": 0,
          "watered": false
        },
        {
          "seedType": 0,
          "growth": 0,
          "value": 0,
          "watered": false
        },
        {
          "seedType": 0,
          "growth": 0,
          "value": 0,
          "watered": false
        },
        {
          "seedType": 0,
          "growth": 0,
          "value": 0,
          "watered": false
        }
      ],
      [
        {
          "seedType": 1,
          "growth": 0,
          "value": 15,
          "watered": false
        },
        {
          "seedType": 1,
          "growth": 0,
          "value": 15,
          "watered": false
        },
        {
          "seedType": 0,
          "growth": 0,
          "value": 0,
          "watered": false
        },
        {
          "seedType": 0,
          "growth": 0,
          "value": 0,
          "watered": false
        }
      ]
    ]
  },
  "store": {
    "Visible": false,
    "SelectedItem": 0
  },
  "minigame": {
    "active": false,
    "startTime": "2025-04-05T17:39:14.1892071-05:00",
    "maxTargets": 2,
    "collected": 2,
    "plotX": 0,
    "plotY": 3,
    "seedType": 1
  },
  "day": 1,
  "money": 100,
  "gameOver": false,
  "gameWon": false,
  "showDay": false,
  "dayStart": "0001-01-01T00:00:00Z"
}
