{"Player":{"Position":{"X":708.72925,"Y":580.12524},"Health":5,"Speed":4.5,"FireRate":330,"DamageLevel":2,"Sides":12,"XP":100,"NextLevelXP":375,"Rotation":-0.68828017,"LastShotTime":390.70163,"Color":{"R":0,"G":121,"B":241,"A":255}},"Enemies":[{"Position":{"X":916.8735,"Y":492.12006},"Health":10,"Speed":1.5,"EnemyType":1,"LastAttack":391.51965,"IsActive":true,"Color":{"R":200,"G":122,"B":255,"A":255}},{"Position":{"X":1274.9874,"Y":791.4688},"Health":10,"Speed":1.5,"EnemyType":0,"LastAttack":0,"IsActive":true,"Color":{"R":0,"G":228,"B":48,"A":255}}],"PlayerProjectiles":[{"Position":{"X":-192.44543,"Y":-802.69165},"Direction":{"X":-0.4581951,"Y":-0.88885164},"Speed":5,"Damage":5,"Instances":2,"TimeCreated":386.09488,"Color":{"R":255,"G":161,"B":0,"A":255},"IsEnemy":false},{"Position":{"X":835.70526,"Y":-1026.3107},"Direction":{"X":0.04761726,"Y":-0.99886566},"Speed":5,"Damage":5,"Instances":2,"TimeCreated":386.0949,"Color":{"R":255,"G":161,"B":0,"A":255},"IsEnemy":false},{"Position":{"X":1837.9159,"Y":-705.8993},"Direction":{"X":0.54067063,"Y":-0.8412345},"Speed":5,"Damage":5,"Instances":2,"TimeCreated":386.0949,"Color":{"R":255,"G":161,"B":0,"A":255},"IsEnemy":false},{"Position":{"X":2545.652,"Y":72.69213},"Direction":{"X":0.8888517,"Y":-0.45819503},"Speed":5,"Damage":5,"Instances":2,"TimeCreated":386.0949,"Color":{"R":255,"G":161,"B":0,"A":255},"IsEnemy":false},{"Position":{"X":2769.282,"Y":1100.8247},"Direction":{"X":0.99886566,"Y":0.047617305},"Speed":5,"Damage":5,"Instances":2,"TimeCreated":386.0949,"Color":{"R":255,"G":161,"B":0,"A":255},"IsEnemy":false},{"Position":{"X":2448.8652,"Y":2103.0525},"Direction":{"X":0.84123445,"Y":0.5406705},"Speed":5,"Damage":5,"Instances":2,"TimeCreated":386.0949,"Color":{"R":255,"G":161,"B":0,"A":255},"IsEnemy":false},{"Position":{"X":1670.2744,"Y":2810.79},"Direction":{"X":0.458195,"Y":0.8888517},"Speed":5,"Damage":5,"Instances":2,"TimeCreated":386.0949,"Color":{"R":255,"G":161,"B":0,"A":255},"IsEnemy":false},{"Position":{"X":642.1172,"Y":3034.4207},"Direction":{"X":-0.047617465,"Y":0.99886566},"Speed":5,"Damage":5,"Instances":2,"TimeCreated":386.0949,"Color":{"R":255,"G":161,"B":0,"A":255},"IsEnemy":false},{"Position":{"X":-360.0925,"Y":2714.0083},"Direction":{"X":-0.5406707,"Y":0.8412343},"Speed":5,"Damage":5,"Instances":2,"TimeCreated":386.0949,"Color":{"R":255,"G":161,"B":0,"A":255},"IsEnemy":false},{"Position":{"X":-1067.828,"Y":1935.4156},"Direction":{"X":-0.88885176,"Y":0.45819512},"Speed":5,"Damage":5,"Instances":2,"TimeCreated":386.0949,"Color":{"R":255,"G":161,"B":0,"A":255},"IsEnemy":false},{"Position":{"X":-1291.4493,"Y":907.2537},"Direction":{"X":-0.99886566,"Y":-0.047617152},"Speed":5,"Damage":5,"Instances":2,"TimeCreated":386.0949,"Color":{"R":255,"G":161,"B":0,"A":255},"IsEnemy":false},{"Position":{"X":-971.0353,"Y":-94.95622},"Direction":{"X":-0.84123427,"Y":-0.5406708},"Speed":5,"Damage":5,"Instances":2,"TimeCreated":386.0949,"Color":{"R":255,"G":161,"B":0,"A":255},"IsEnemy":false},{"Position":{"X":978.08057,"Y":2588.9797},"Direction":{"X":-0.015795572,"Y":0.99987525},"Speed":5,"Damage":5,"Instances":2,"TimeCreated":387.5805,"Color":{"R":255,"G":161,"B":0,"A":255},"IsEnemy":false},{"Position":{"X":187.98854,"Y":2363.85},"Direction":{"X":-0.513617,"Y":0.8580196},"Speed":5,"Damage":5,"Instances":2,"TimeCreated":387.5805,"Color":{"R":255,"G":161,"B":0,"A":255},"IsEnemy":false},{"Position":{"X":-383.6765,"Y":1773.8196},"Direction":{"X":-0.8738151,"Y":0.48625833},"Speed":5,"Damage":5,"Instances":2,"TimeCreated":387.5805,"Color":{"R":255,"G":161,"B":0,"A":255},"IsEnemy":false},{"Position":{"X":-583.7451,"Y":977.0205},"Direction":{"X":-0.99987525,"Y":-0.015795615},"Speed":5,"Damage":5,"Instances":2,"TimeCreated":387.5805,"Color":{"R":255,"G":161,"B":0,"A":255},"IsEnemy":false},{"Position":{"X":231.41322,"Y":-384.73657},"Direction":{"X":-0.48625818,"Y":-0.8738152},"Speed":5,"Damage":5,"Instances":2,"TimeCreated":387.5805,"Color":{"R":255,"G":161,"B":0,"A":255},"IsEnemy":false},{"Position":{"X":1028.2188,"Y":-584.80524},"Direction":{"X":0.015796017,"Y":-0.99987525},"Speed":5,"Damage":5,"Instances":2,"TimeCreated":387.5805,"Color":{"R":255,"G":161,"B":0,"A":255},"IsEnemy":false},{"Position":{"X":1818.313,"Y":-359.66724},"Direction":{"X":0.5136173,"Y":-0.8580194},"Speed":5,"Damage":5,"Instances":2,"TimeCreated":387.5805,"Color":{"R":255,"G":161,"B":0,"A":255},"IsEnemy":false},{"Position":{"X":2389.988,"Y":230.35316},"Direction":{"X":0.87381524,"Y":-0.48625806},"Speed":5,"Damage":5,"Instances":2,"TimeCreated":387.5805,"Color":{"R":255,"G":161,"B":0,"A":255},"IsEnemy":false},{"Position":{"X":2590.0398,"Y":1027.1586},"Direction":{"X":0.99987525,"Y":0.015795702},"Speed":5,"Damage":5,"Instances":2,"TimeCreated":387.5805,"Color":{"R":255,"G":161,"B":0,"A":255},"IsEnemy":false},{"Position":{"X":2364.9102,"Y":1817.2529},"Direction":{"X":0.8580196,"Y":0.51361704},"Speed":5,"Damage":5,"Instances":2,"TimeCreated":387.5805,"Color":{"R":255,"G":161,"B":0,"A":255},"IsEnemy":false},{"Position":{"X":1201.9637,"Y":-197.8473},"Direction":{"X":0.39465407,"Y":-0.9188298},"Speed":5,"Damage":5,"Instances":2,"TimeCreated":390.08426,"Color":{"R":255,"G":161,"B":0,"A":255},"IsEnemy":false},{"Position":{"X":1541.8584,"Y":70.04979},"Direction":{"X":0.8011954,"Y":-0.59840286},"Speed":5,"Damage":5,"Instances":2,"TimeCreated":390.08426,"Color":{"R":255,"G":161,"B":0,"A":255},"IsEnemy":false},{"Position":{"X":1702.2715,"Y":472.0023},"Direction":{"X":0.99305695,"Y":-0.1176344},"Speed":5,"Damage":5,"Instances":2,"TimeCreated":390.08426,"Color":{"R":255,"G":161,"B":0,"A":255},"IsEnemy":false},{"Position":{"X":1640.2106,"Y":900.30743},"Direction":{"X":0.91882974,"Y":0.39465412},"Speed":5,"Damage":5,"Instances":2,"TimeCreated":390.08426,"Color":{"R":255,"G":161,"B":0,"A":255},"IsEnemy":false},{"Position":{"X":1372.3169,"Y":1240.202},"Direction":{"X":0.5984029,"Y":0.8011953},"Speed":5,"Damage":5,"Instances":2,"TimeCreated":390.08426,"Color":{"R":255,"G":161,"B":0,"A":255},"IsEnemy":false},{"Position":{"X":970.3624,"Y":1400.6133},"Direction":{"X":0.11763437,"Y":0.9930571},"Speed":5,"Damage":5,"Instances":2,"TimeCreated":390.08426,"Color":{"R":255,"G":161,"B":0,"A":255},"IsEnemy":false},{"Position":{"X":542.0553,"Y":1338.5547},"Direction":{"X":-0.39465427,"Y":0.9188297},"Speed":5,"Damage":5,"Instances":2,"TimeCreated":390.08426,"Color":{"R":255,"G":161,"B":0,"A":255},"IsEnemy":false},{"Position":{"X":202.15987,"Y":1070.6572},"Direction":{"X":-0.8011954,"Y":0.5984028},"Speed":5,"Damage":5,"Instances":2,"TimeCreated":390.08426,"Color":{"R":255,"G":161,"B":0,"A":255},"IsEnemy":false},{"Position":{"X":41.750343,"Y":668.7062},"Direction":{"X":-0.99305695,"Y":0.11763443},"Speed":5,"Damage":5,"Instances":2,"TimeCreated":390.08426,"Color":{"R":255,"G":161,"B":0,"A":255},"IsEnemy":false},{"Position":{"X":103.808685,"Y":240.39749},"Direction":{"X":-0.9188299,"Y":-0.39465404},"Speed":5,"Damage":5,"Instances":2,"TimeCreated":390.08426,"Color":{"R":255,"G":161,"B":0,"A":255},"IsEnemy":false},{"Position":{"X":1302.2723,"Y":308.05212},"Direction":{"X":0.79824245,"Y":-0.6023363},"Speed":5,"Damage":5,"Instances":2,"TimeCreated":390.70163,"Color":{"R":255,"G":161,"B":0,"A":255},"IsEnemy":false},{"Position":{"X":1428.6433,"Y":620.2339},"Direction":{"X":0.9924664,"Y":-0.122517265},"Speed":5,"Damage":5,"Instances":2,"TimeCreated":390.70163,"Color":{"R":255,"G":161,"B":0,"A":255},"IsEnemy":false},{"Position":{"X":1381.9858,"Y":953.7823},"Direction":{"X":0.92075974,"Y":0.39013013},"Speed":5,"Damage":5,"Instances":2,"TimeCreated":390.70163,"Color":{"R":255,"G":161,"B":0,"A":255},"IsEnemy":false},{"Position":{"X":1174.8112,"Y":1219.3087},"Direction":{"X":0.6023362,"Y":0.7982425},"Speed":5,"Damage":5,"Instances":2,"TimeCreated":390.70163,"Color":{"R":255,"G":161,"B":0,"A":255},"IsEnemy":false},{"Position":{"X":862.6289,"Y":1345.6787},"Direction":{"X":0.12251734,"Y":0.9924664},"Speed":5,"Damage":5,"Instances":2,"TimeCreated":390.70163,"Color":{"R":255,"G":161,"B":0,"A":255},"IsEnemy":false},{"Position":{"X":529.0805,"Y":1299.0221},"Direction":{"X":-0.3901302,"Y":0.92075974},"Speed":5,"Damage":5,"Instances":2,"TimeCreated":390.70163,"Color":{"R":255,"G":161,"B":0,"A":255},"IsEnemy":false},{"Position":{"X":137.18651,"Y":779.66504},"Direction":{"X":-0.9924664,"Y":0.122517176},"Speed":5,"Damage":5,"Instances":2,"TimeCreated":390.70163,"Color":{"R":255,"G":161,"B":0,"A":255},"IsEnemy":false},{"Position":{"X":183.84026,"Y":446.11758},"Direction":{"X":-0.92075974,"Y":-0.3901301},"Speed":5,"Damage":5,"Instances":2,"TimeCreated":390.70163,"Color":{"R":255,"G":161,"B":0,"A":255},"IsEnemy":false},{"Position":{"X":391.01645,"Y":180.58961},"Direction":{"X":-0.60233635,"Y":-0.7982424},"Speed":5,"Damage":5,"Instances":2,"TimeCreated":390.70163,"Color":{"R":255,"G":161,"B":0,"A":255},"IsEnemy":false},{"Position":{"X":703.19775,"Y":54.221466},"Direction":{"X":-0.122517034,"Y":-0.9924665},"Speed":5,"Damage":5,"Instances":2,"TimeCreated":390.70163,"Color":{"R":255,"G":161,"B":0,"A":255},"IsEnemy":false}],"EnemyProjectiles":[{"Position":{"X":419.6476,"Y":-242.89877},"Direction":{"X":-0.42716846,"Y":-0.90417206},"Speed":5,"Damage":5,"Instances":1,"TimeCreated":387.59647,"Color":{"R":230,"G":41,"B":55,"A":255},"IsEnemy":true},{"Position":{"X":1968.0355,"Y":1224.338},"Direction":{"X":0.9520171,"Y":0.30604482},"Speed":5,"Damage":5,"Instances":1,"TimeCreated":387.91327,"Color":{"R":230,"G":41,"B":55,"A":255},"IsEnemy":true},{"Position":{"X":695.8444,"Y":692.9507},"Direction":{"X":-0.7258003,"Y":0.6879055},"Speed":5,"Damage":5,"Instances":1,"TimeCreated":391.51962,"Color":{"R":230,"G":41,"B":55,"A":255},"IsEnemy":true}],"Diamonds":[{"Position":{"X":177.96939,"Y":-1077.8777},"IsActive":true},{"Position":{"X":268.73108,"Y":-1027.1249},"IsActive":true},{"Position":{"X":888.5743,"Y":-824.91626},"IsActive":true},{"Position":{"X":1095.2864,"Y":-312.69016},"IsActive":true},{"Position":{"X":227.44307,"Y":-640.2085},"IsActive":true},{"Position":{"X":584.3016,"Y":-278.6584},"IsActive":true},{"Position":{"X":393.60336,"Y":-122.164444},"IsActive":true},{"Position":{"X":-116.792175,"Y":-700.3853},"IsActive":true},{"Position":{"X":315.52304,"Y":-502.14966},"IsActive":true},{"Position":{"X":-73.90364,"Y":-593.7376},"IsActive":true},{"Position":{"X":327.54547,"Y":-236.2769},"IsActive":true},{"Position":{"X":-1153.0934,"Y":-260.27618},"IsActive":true},{"Position":{"X":-509.91833,"Y":-285.49686},"IsActive":true},{"Position":{"X":-952.7892,"Y":-484.90863},"IsActive":true},{"Position":{"X":-700.5988,"Y":114.38388},"IsActive":true},{"Position":{"X":-607.0658,"Y":113.9435},"IsActive":true},{"Position":{"X":-682.86914,"Y":-488.7468},"IsActive":true},{"Position":{"X":-990.5527,"Y":-362.24078},"IsActive":true},{"Position":{"X":8.609298,"Y":-402.90408},"IsActive":true},{"Position":{"X":-493.79648,"Y":51.66427},"IsActive":true},{"Position":{"X":-371.58932,"Y":-398.17255},"IsActive":true},{"Position":{"X":-509.5922,"Y":840.31934},"IsActive":true},{"Position":{"X":-803.9159,"Y":352.31335},"IsActive":true},{"Position":{"X":-282.1075,"Y":488.33728},"IsActive":true},{"Position":{"X":634.86584,"Y":-212.18816},"IsActive":true},{"Position":{"X":183.4828,"Y":-341.52484},"IsActive":true},{"Position":{"X":390.36987,"Y":-68.742874},"IsActive":true},{"Position":{"X":-91.010704,"Y":-410.71768},"IsActive":true},{"Position":{"X":322.11218,"Y":-139.65945},"IsActive":true},{"Position":{"X":704.7553,"Y":-105.508354},"IsActive":true},{"Position":{"X":574.07794,"Y":-167.47278},"IsActive":true},{"Position":{"X":718.18677,"Y":-156.86403},"IsActive":true},{"Position":{"X":-6.1395,"Y":-49.063805},"IsActive":true},{"Position":{"X":-325.35873,"Y":-34.358177},"IsActive":true},{"Position":{"X":672.3935,"Y":286.79395},"IsActive":true},{"Position":{"X":796.5415,"Y":611.8419},"IsActive":true},{"Position":{"X":13.422084,"Y":623.9466},"IsActive":true},{"Position":{"X":-59.76634,"Y":763.6147},"IsActive":true},{"Position":{"X":476.96854,"Y":420.44864},"IsActive":true},{"Position":{"X":275.24872,"Y":852.9687},"IsActive":true},{"Position":{"X":156.09882,"Y":868.1343},"IsActive":true},{"Position":{"X":195.7216,"Y":1258.7472},"IsActive":true},{"Position":{"X":218.03244,"Y":794.1724},"IsActive":true},{"Position":{"X":92.787224,"Y":1025.4872},"IsActive":true},{"Position":{"X":643.31995,"Y":1821.6003},"IsActive":true},{"Position":{"X":1372.437,"Y":947.53156},"IsActive":true},{"Position":{"X":1759.185,"Y":1453.0061},"IsActive":true},{"Position":{"X":514.9018,"Y":856.8063},"IsActive":true},{"Position":{"X":102.95361,"Y":1241.9899},"IsActive":true},{"Position":{"X":1208.571,"Y":1133.1105},"IsActive":true},{"Position":{"X":1087.2997,"Y":1158.2521},"IsActive":true},{"Position":{"X":866.5229,"Y":496.94504},"IsActive":true},{"Position":{"X":796.9692,"Y":641.321},"IsActive":true},{"Position":{"X":722.0928,"Y":344.0605},"IsActive":true},{"Position":{"X":456.64197,"Y":943.1742},"IsActive":true}],"LevelTimer":15.815194,"SpawnTimer":0.4500396,"SpawnRate":0.9,"TotalGameTime":375.8455}